{
  "pageHeaderData": {
    "metaTags": "&lt;link rel=&quot;canonical&quot; href=&quot;https://www-sit.test.cms.df.services.vodafone.com.au/plans/sim-only&quot;/&gt;&lt;meta  name=&quot;description&quot; content=&quot;Our SIM Only Plans include all the data, calls and text messages you want for use in Australia. BYO mobile phone and sign up to the best Vodafone plan online today.&quot;/&gt; &lt;meta name=&quot;twitter:card&quot; content=&quot;summary&quot; /&gt;&lt;meta name=&quot;twitter:site&quot; content=&quot;@VodafoneAU&quot; /&gt;&lt;meta name=&quot;twitter:title&quot; content=&quot;SIM Only Plans&quot; /&gt;&lt;meta name=&quot;twitter:description&quot; content=&quot;Bring your own mobile phone and sign up to a SIM Only Plan.&quot; /&gt;&lt;meta name=&quot;twitter:image&quot; content=&quot;https://www.vodafone.com.au/images/meta/plans-sim-only-twitter.jpg&quot; /&gt;&lt;meta property=&quot;og:title&quot; content=&quot;SIM Only Plans&quot; /&gt;&lt;meta property=&quot;og:type&quot; content=&quot;product.group&quot; /&gt;&lt;meta property=&quot;og:url&quot; content=&quot;https://www.vodafone.com.au/plans/sim-only&quot; /&gt;&lt;meta property=&quot;og:image&quot; content=&quot;https://www.vodafone.com.au/images/meta/plans-sim-only-og.jpg&quot; /&gt;&lt;meta name=&quot;cludo:image&quot; content=&quot;https://www.vodafone.com.au/images/meta/plans-sim-only-thumbnail.jpg&quot; /&gt;&lt;meta property=&quot;og:description&quot; content=&quot;Bring your own mobile phone and sign up to a SIM Only Plan.&quot; /&gt;&lt;meta property=&quot;og:site_name&quot; content=&quot;Vodafone Australia&quot;/&gt;",
    "seoTitle": "SIM Only and BYO Mobile Phone Plans | Vodafone Australia",
    "seoData": [
      "{ \"@context\" : \"http://schema.org\", \"@type\" : \"Product\", \"name\" : \"SIM Only and BYO Mobile Phone Plans\", \"image\" : \"https://www.vodafone.com.au/images/meta/plans-sim-only-og.jpg\", \"description\" : \"Get a Vodafone SIM Only phone plan with great data, talk and text inclusions.\", \"url\" : \"https://www.vodafone.com.au/plans/sim-only\", \"brand\" : { \"@type\" : \"Brand\", \"name\" : \"Vodafone Australia\", \"logo\" : \"https://www.vodafone.com.au/sites/static/simplicity/assets/images/VF_Logo.svg\" }, \"offers\" : { \"@type\": \"AggregateOffer\", \"lowPrice\": \"45\", \"highPrice\": \"65\", \"priceCurrency\": \"AUD\"} }"
    ],
    "altBreadcrumb": "",
    "defaultTitle": "SIM Only Plans when you BYO phone",
    "defaultDescription": "&lt;p&gt;Our Vodafone SIM Only Plans are perfect if you already have a phone that you love. All our plans have heaps of included data, and if you use it all, you can keep using data in Oz at &lt;a href=&quot;https://www-sit.test.cms.df.services.vodafone.com.au/support/plans/speed-guide&quot;&gt;slower speeds&lt;/a&gt;. You&rsquo;ll also enjoy a no lock-in contract, meaning you can change or cancel your plan anytime. T&amp;amp;C apply.&lt;/p&gt;"
  },
  "faqs": {
    "identifier": "CATPOSTPAIDSIMOPLANS",
    "sectionTitle": "Frequently asked questions",
    "faqItems": [
      {
        "title": "Why should I choose Vodafone to get a SIM Only phone plan?",
        "description": "&lt;p&gt;&lt;b&gt;No excess data charges&lt;br&gt; &lt;/b&gt;With our Vodafone Infinite SIM Only Plans, you&rsquo;ll get heaps of data and then you can keep using data in Oz at &lt;a href=&quot;https://www-sit.test.cms.df.services.vodafone.com.au/support/plans/speed-guide&quot;&gt;slower speeds&lt;/a&gt;. T&amp;amp;C apply.&lt;/p&gt;&lt;p&gt;&lt;b&gt;$5 Roaming&lt;br&gt; &lt;/b&gt;Use your included data, calls and texts in over 100 countries for $5 extra a day. Countries may vary. Excludes speed capped data. T&amp;amp;C apply. &lt;a href=&quot;https://www-sit.test.cms.df.services.vodafone.com.au/plans/international-roaming&quot;&gt;Find out more&lt;/a&gt;.&lt;/p&gt;&lt;p&gt;&lt;b&gt;Network Satisfaction Guarantee&lt;br&gt; &lt;/b&gt;Take 30 days to decide if you love our network with our Network Satisfaction Guarantee. T&amp;amp;C apply.&lt;/p&gt;"
      },
      {
        "title": "Can I bring my current number across to Vodafone?",
        "description": "&lt;p&gt;Yes. Once you&rsquo;ve signed up to a plan, fill out our &lt;a href=&quot;https://www-sit.test.cms.df.services.vodafone.com.au/support/sign-up/transfer-number&quot;&gt;Customer Authorisation Form&lt;/a&gt; so that we can bring your current number across to us.&lt;/p&gt;"
      },
      {
        "title": "Can I bring my own 5G device?",
        "description": "&lt;p&gt;You can bring your own compatible 5G device to Vodafone to use with a SIM Only Plan. If you purchased a 5G device from another provider, you may not have access to our full 5G coverage. Check out our &lt;a href=&quot;https://www-sit.test.cms.df.services.vodafone.com.au/about/legal/devices&quot;&gt;approved devices&lt;/a&gt; to see which have been tested and optimised for use on Vodafone&rsquo;s network.&nbsp;&lt;/p&gt;"
      },
      {
        "title": "Can I save if I have multiple plans under one account?",
        "description": "&lt;p&gt;Yes. You can bundle eligible plans under one account and save from 5% to 20% on plan fees. T&amp;amp;C apply.&lt;/p&gt;"
      },
      {
        "title": "What is a SIM Only Plan?",
        "description": "&lt;p&gt;Also known as BYO plans, our SIM Only Plans are perfect if you already have your own phone. The plans come with heaps of data to use in Australia, unlimited standard national calls and text, and selected plans come with standard international call minutes.&lt;/p&gt;&lt;p&gt;With a SIM Only Plan, you&rsquo;ll only be paying for your plan cost each month without any device repayment fees.&lt;/p&gt;"
      },
      {
        "title": "Can I share data from my Vodafone Infinite Plans with other Vodafone plans?",
        "description": "&lt;p&gt;Yes. Data sharing is available with up to 10 services and only the included data is shareable with other Vodafone Infinite (excluding Ultra+ Plan), Vodafone BYOD plans or Plus Plans. Excludes data capped at speeds up to 1.5, 2, 10 or 25Mbps. Data is for use in Australia. T&amp;amp;C apply.&lt;/p&gt;"
      },
      {
        "title": "Can I hotspot or tether from my phone to other devices?",
        "description": "&lt;p&gt;Yes, you can hotspot or tether from your phone to other devices. However, hotspotting or tethering isn&rsquo;t intended to be used as a substitute for home internet.&nbsp;&lt;/p&gt;&lt;p&gt;A hotspot is a Wi-Fi connection that you access to connect to the internet on your phone, tablet, computer or other compatible device. Tethering is when you use your device&rsquo;s mobile data to connect a phone, tablet, computer or other compatible device to the internet via Wi-Fi or a USB cable.&lt;/p&gt;"
      },
      {
        "title": "What is personal use?",
        "description": "&lt;p&gt;Personal use means you can use the data on your own mobile phone, and to other devices personal to you, such as your own tablet. It excludes using your mobile phone&rsquo;s data on the devices of members of your household or friends or colleagues.&lt;/p&gt;"
      }
    ]
  },
  "termsAndConditions": {
    "termsConditionsDesc": "&lt;p&gt;&lt;b&gt;Student Exclusive Offer on SIM Only Plans&lt;br&gt; &lt;/b&gt;Bonus data available to students with valid student ID signing up to the $45 Lite+ Plan or $45 SIM Only Lite+ plan, $55 Super plan or $55 SIM Only Super Plan, or $65 Super+ Plan or $65 SIM Only Super+ Plan (&lsquo;Eligible Plans&rsquo;) online from 14 December 2022 until the offer is withdrawn (valid student email also required for SIM Only orders). Offer only available to students signing up to a new Eligible Plan (existing customers cannot access this offer online). Bonus data on Eligible Plans include Bonus 90GB (with total 120GB of monthly data) on the $45 Lite+ Plan or $45 SIM Only Lite+ plan; Bonus 190GB (with total 250GB of monthly data) on the $55 Super Plan or $55 SIM Only Super plan; or Bonus 400GB (with total 500GB of monthly data) on the $65 Super+ Plan or $65 SIM Only Super+ plan. Bonus data will be applied monthly for the duration you remain continuously connected to the plan and is forfeited if you cancel or change plans. Not available to existing customers who rate plan change. This offer can be used in conjunction with Bundle and Save and handset discounts, but cannot be used with any other promotional offer. All Data is for use in Australia. Services subject to capabilities, network limitations &amp;amp; customer location. Offer not transferrable or redeemable for cash. Subject to change.&lt;br&gt;&lt;/p&gt;&lt;p&gt;&lt;b&gt;Voicemail&lt;/b&gt;&lt;br&gt;Calls to 121 only. Visual Voicemail uses data.&lt;/p&gt;&lt;p&gt;&lt;b&gt;Data on Vodafone Infinite Plans&lt;/b&gt;&lt;br&gt;No excess data charges in Australia. All data for use in Australia within the Vodafone Network coverage area. Vodafone Infinite Plans include an included data allowance (which is data at the fastest speed the Vodafone network can deliver to you, depending on your handset and the time and place you are using data) which will be used first; thereafter data is available at speeds of up to 2Mbps until your next billing month. With 2Mbps you can check your socials, browse the web and stream music but is not suitable for HD video. For more information, check out our &lt;a href=&quot;https://www-sit.test.cms.df.services.vodafone.com.au/support/plans/speed-guide&quot;&gt;speed guide&lt;/a&gt;. Tethering is permitted from your mobile phone to your other personal devices only, but must not be used in a modem or as a substitute for a home internet service. Heavy data users may experience slower speeds than other users during busy periods. Actual speeds you reach will continually vary depending on many factors such as device capabilities, location, network congestion, network coverage, if you are roaming and if you are a heavy data user. Fair Use Policy applies. See &lt;a href=&quot;http://www.vodafone.com.au/fairuse&quot;&gt;www.vodafone.com.au/fairuse&lt;/a&gt;.&lt;br&gt;&lt;/p&gt;&lt;p&gt;&lt;b&gt;Bundle &amp;amp; Save&lt;/b&gt;&lt;br&gt;Bundle &amp;amp; Save discounts are available to (a) new customers who connect two or more Eligible Plans on the same billing account; OR (b) existing customers with an Eligible Plan who: add one or more eligible services to their billing account or who upgrade or switch an ineligible Plan to an Eligible Plan; OR (c) existing customers who have two Eligible Plans.&lt;/p&gt;&lt;p&gt;Eligible Plans are: All Postpaid voice plans of $30 and above released on or after July 25 2018 (excluding Assured Plan, Business Flex Plans and BYOD Plans); Tablet Plans of $30 and above released on or after June 27 2018; Modem Plans of $20 and above released or or after July 2 2020. Excludes nbn&trade; Plans, 4G Home Internet Plans and 5G Home Internet Plans.&lt;/p&gt;&lt;p&gt;Customers will receive a percentage discount off each Eligible Plan&rsquo;s access fees (5% off two plans, 10% off three plans, 15% off four plans or 20% off five or more plans) when active on a single billing account. Note MPP, APP or Add-On fees are not discounted.&lt;br&gt;The Bundle &amp;amp; Save discount is calculated from the first full bill cycle and updated monthly as eligible services are added or removed. Any second service discounts are replaced by the applicable Bundle &amp;amp; Save discount. If early exit fees apply to an Eligible Plan they are calculated using the undiscounted amount x months remaining. Further information available on our &lt;a href=&quot;https://www-sit.test.cms.df.services.vodafone.com.au/plans/bundle&quot; style=&quot;background-color: rgb(255, 255, 255);&quot;&gt;Bundle and Save page&lt;/a&gt;.&lt;br&gt;&lt;/p&gt;&lt;p&gt;&lt;b&gt;Network Satisfaction Guarantee&lt;br&gt; &lt;/b&gt;&lt;a&gt;If&amp;nbsp;&lt;/a&gt;you&rsquo;re a new customer and you&rsquo;ve signed up to any new postpaid mobile, mobile broadband or 4G Home Internet plan and you don't love our network within the first 30 days of sign-up, or in the case of a Vodafone nbn&trade; plan within the first 30 days of service activation, you&rsquo;re welcome to cancel by calling&amp;nbsp;&lt;a href=&quot;tel:1300551198&quot;&gt;1300 551 198&lt;/a&gt;&amp;nbsp;(excludes upgrades and rate plan changes). You will only have to pay for those services you&rsquo;ve used or for charges incurred, that are not included in your plan, up until your number or nbn&trade; service is&amp;nbsp;fully transferred and device or modem and equipment in original packaging with proof of purchase returned to a Vodafone (not dealer) store within 10 days of your claim.&amp;nbsp;Where you have an individual plan, you can make one claim per year per person. Where you have multiple shared plans on your account, you can make one claim in relation to each plan, for up to 10 claims per account, per year per person. Accessories not refunded. This guarantee does not affect any other rights or remedies you may have under consumer law. Full terms and conditions on our&amp;nbsp;&lt;a href=&quot;https://www-sit.test.cms.df.services.vodafone.com.au/network&quot;&gt;network page&lt;/a&gt;.&lt;/p&gt;&lt;p&gt;&lt;b&gt;$5 Roaming&lt;/b&gt;&lt;br&gt;Countries subject to change, see &lt;a href=&quot;https://www-sit.test.cms.df.services.vodafone.com.au/plans/international-roaming&quot;&gt;current list and full details&lt;/a&gt;.&amp;nbsp;Available to eligible customers, see terms for details specific to your plan. $5 Daily Charge is in addition to minimum monthly spend and allows you to use your plan&rsquo;s inclusions in Eligible Countries for $5 per day. For all plans with an included data allowance, only included data allowance can be accessed while $5 Roaming. Data capped at speeds up to 1.5, 2, 10 or 25Mbps is not accessible while $5 Roaming. Once your included data is exhausted, additional data will be automatically added at a charge of $5/GB ($0.005/MB) (&ldquo;Additional Roaming Data&rdquo;). Additional Roaming Data expires at the end of your next billing period, is shareable (excludes plans with unlimited data which do not share data) and can only be used while in $5 Roaming countries. Max 90 days of use in any calendar year. Opt-out at any time, visit My Vodafone or call 1555. All roaming services subject to network availability.&lt;/p&gt;&lt;p&gt;&lt;b&gt;4G&lt;/b&gt;&lt;br&gt;You can use Vodafone 4G in our 4G areas. 4G in selected areas in Australia. You get broadband speeds in our 3G areas. Check your device is compatible to the coverage areas you will use. Actual speeds vary due to things like device capability, location &amp;amp; network congestion. See our&amp;nbsp;&lt;a href=&quot;https://www-sit.test.cms.df.services.vodafone.com.au/network/coverage-checker&quot;&gt;coverage checker&lt;/a&gt;.&lt;/p&gt;&lt;p&gt;&lt;b&gt;5G&lt;/b&gt;&lt;br&gt;Vodafone&rsquo;s 5G Network is progressively being rolled out to selected parts of Sydney, Melbourne, Brisbane, Adelaide, Canberra and Perth. 5G approved device required, with an eligible Vodafone plan, in a Vodafone 5G Coverage area to access the 5G Network. In non-5G coverage areas, you&rsquo;ll automatically switch to our 4G networks. Actual speeds vary due to location &amp;amp; network congestion. Check coverage and for updates when 5G is coming to your area on our &lt;a href=&quot;https://www-sit.test.cms.df.services.vodafone.com.au/support/network/5g&quot;&gt;5G network support page&lt;/a&gt;.&lt;/p&gt;&lt;p&gt;&lt;b&gt;Sharing&lt;/b&gt;&lt;br&gt;If you have more than one Vodafone Infinite (excluding Ultra+ Plans), Vodafone BYOD, Plus or Team Plans on your billing account, the included data allowances on those services will automatically combine into one pool which will be shared between eligible users. Data capped at speeds up to 1.5, 2, 10 or 25Mbps is not shareable. Data sharing is only available for up to 10 services. The data included in any other plan on your account which is not a Vodafone Infinite Plan (excluding Ultra+ Plans), Vodafone BYOD, Plus or Team Plan is not shareable with Vodafone Infinite Plan (excluding Ultra+ Plans), Vodafone BYOD, Plus or Team Plans and vice versa. You can find out which plans support sharing or you can opt-out of sharing altogether at any time by calling 1555.&lt;br&gt;&lt;/p&gt;&lt;p&gt;&lt;b&gt;Vodafone Infinite SIM Only Plans&lt;/b&gt;&lt;br&gt;For personal use by approved customers only. You must supply your own handset in order to sign up to this plan &ndash; you cannot purchase a phone from Vodafone on instalments with this plan. Inclusions expire after 1 month unless otherwise stated. Plan excludes Premium Services, 1223, &amp;amp; 1225 directory services, 123 Ask-Us-Anything, International Roaming, content purchases, call screen and charges for additional data and additional standard international calls.&lt;/p&gt;&lt;p&gt;Minimum monthly spend is $45, $55 or $65. Total minimum cost is one month of your monthly plan fees. Must connect for minimum one month. Recurring monthly plan fee charged until the end of the month in which you notify that you wish to cancel.&lt;br&gt;&lt;/p&gt;&lt;p&gt;&lt;a&gt;&lt;b&gt;International minutes&lt;/b&gt;&lt;br&gt; &lt;/a&gt;Zone 1 and Zone 2 Countries may change, see &lt;a href=&quot;https://www-sit.test.cms.df.services.vodafone.com.au/plans/international-calls&quot; target=&quot;_self&quot; title=&quot;International Calls&quot;&gt;international calls&lt;/a&gt;&amp;nbsp;for list of current countries. Calls charged in per minute increments. Excludes non-standard calls and video calls.&amp;nbsp;&lt;/p&gt;&lt;p&gt;If you exhaust your Zone 2 allowance or you make a call to a country outside the Zone 1 or 2 included countries, you will be charged on top of your minimum monthly spend at our standard international Pay-As-You-Go rates. These rates are subject to change, &lt;a href=&quot;https://www-sit.test.cms.df.services.vodafone.com.au/support/plans/international-calls&quot;&gt;see the current rates here&lt;/a&gt;. Fair Use Policy applies, which can be found within Vodafone&rsquo;s &lt;a href=&quot;https://www-sit.test.cms.df.services.vodafone.com.au/about/legal/standard-form-of-agreement&quot;&gt;Standard Form of Agreement&lt;/a&gt;.&lt;br&gt;&lt;/p&gt;"
  },
  "plan": {
    "id": "AU12427",
    "planId": "AU12427",
    "order": 1,
    "planName": "Small SIM Only Plan",
    "customPlanName": "",
    "planDescription": "&lt;p&gt;First use&nbsp;40GB, then keep using data in Oz at &lt;vha-modal-trigger type=&quot;plain&quot; id=&quot;throttled&quot;&gt;slower speeds&lt;/vha-modal-trigger&gt;.&lt;/p&gt;",
    "planTenure": "",
    "planTitle": "No excess data charges",
    "subHeadingPrimary": "",
    "subHeadingSecondary": "per month",
    "ctaLabel": "Add to cart",
    "heroLabel": "",
    "heroOfferId": "",
    "cisLabel": "Critical Information Summary",
    "cisUrl": "https://www.vodafone.com.au/cis/mobile-phone-plans/vodafone-infinite-sim-only-plans/AU12427_AU12428_AU12429_Small-Medium-Large-SIM-Only-Plan_01-23.pdf",
    "planExtraInfo": "",
    "isPlanEsimSimo": false,
    "isTrialPlan": false,
    "planImage": {
      "imageUrl": "https://www-sit.test.cms.df.services.vodafone.com.au/images/icons/Cart-vodafone-sim-card-s.png",
      "altText": "Small SIM Only Plan"
    },
    "planData": "40GB",
    "planProductName": "Small SIM Only Plan",
    "isBundleAndSaveEligible": true,
    "planSubType": "SIM Only M2M Plus",
    "ctaDisabledLabel": "",
    "ctaSelectedLabel": "",
    "expandPlanByDefault": false,
    "bannerTitle": "",
    "bannerImage": "",
    "priceLabel": "",
    "contractTerm": 1,
    "recurringCharge": 45,
    "planCategory": "Postpaid",
    "ratesLabel": "&lt;p&gt;&lt;vha-modal-trigger type=&quot;plain&quot; id=&quot;simoinfiniterates&quot;&gt;Rates and charges&lt;/vha-modal-trigger&gt;&lt;/p&gt;",
    "ratesUrl": "",
    "dataSharing": "Omega",
    "promotions": [],
    "inclusions": [
      {
        "description": "&lt;p&gt;No lock-in contract.&lt;/p&gt;",
        "simpleDescription": "",
        "planId": "",
        "title": "Month to month",
        "iconUrl": "https://www-sit.test.cms.df.services.vodafone.com.au/images/icons/tick-or-solved-green.svg",
        "hideFromCart": false,
        "eligibleBrands": null,
        "forMobile": false,
        "forTablet": false,
        "name": "",
        "forWatch": false
      },
      {
        "description": "&lt;p&gt;Unlimited standard national calls and texts&lt;/p&gt;",
        "simpleDescription": "",
        "planId": "",
        "title": "National calls and texts",
        "iconUrl": "https://www-sit.test.cms.df.services.vodafone.com.au/images/icons/tick-or-solved-green.svg",
        "hideFromCart": false,
        "eligibleBrands": null,
        "forMobile": false,
        "forTablet": false,
        "name": "",
        "forWatch": false
      },
      {
        "description": "&lt;p&gt;Unlimited standard international texts&lt;/p&gt;",
        "simpleDescription": "",
        "planId": "AU12427",
        "title": "International texts",
        "iconUrl": "https://www-sit.test.cms.df.services.vodafone.com.au/images/icons/tick-or-solved-green.svg",
        "hideFromCart": false,
        "eligibleBrands": null,
        "forMobile": false,
        "forTablet": false,
        "name": "",
        "forWatch": false
      },
      {
        "description": "&lt;p&gt;Hotspotting (tethering) is permitted from your mobile phone to your other personal devices only. It isn't a substitute for a home internet service.&lt;/p&gt;",
        "simpleDescription": "",
        "planId": "AU12427",
        "title": "Hotspot data",
        "iconUrl": "https://www-sit.test.cms.df.services.vodafone.com.au/images/icons/tick-or-solved-green.svg",
        "hideFromCart": false,
        "eligibleBrands": null,
        "forMobile": false,
        "forTablet": false,
        "name": "",
        "forWatch": false
      }
    ],
    "footnote": "&lt;p&gt;Hotspotting (tethering) is permitted from your mobile phone to your other personal devices only. It isn't a substitute for a home internet service.&lt;/p&gt;",
    "hideWasLabel": false
  },
  "usp": {
    "usps": [
      {
        "imageUrl": "https://www-sit.test.cms.df.services.vodafone.com.au/images/icons/5g.svg",
        "description": "&lt;p&gt;Use your 5G approved device in a 5G coverage area on Vodafone&rsquo;s 5G network, which is rolling out to selected areas of major Australian cities. &lt;a href=&quot;https://www-sit.test.cms.df.services.vodafone.com.au/network/coverage-checker&quot; target=&quot;_blank&quot;&gt;Check your coverage&lt;/a&gt;.&lt;/p&gt;",
        "title": "Our 5G network",
        "isNewConnect": true,
        "isUpgrade": true
      },
      {
        "imageUrl": "https://www-sit.test.cms.df.services.vodafone.com.au/images/icons/like.svg",
        "description": "&lt;p&gt;If you don&rsquo;t love our network within the first 30 days, you can cancel your plan. T&amp;amp;C apply. &lt;vha-modal-trigger type=&quot;plain&quot; id=&quot;networksatisfaction&quot;&gt;Find out more&lt;/vha-modal-trigger&gt;.&lt;/p&gt;",
        "title": "Network Satisfaction Guarantee",
        "isNewConnect": true,
        "isUpgrade": false
      },
      {
        "imageUrl": "https://www-sit.test.cms.df.services.vodafone.com.au/images/icons/Roaming.svg",
        "description": "&lt;p&gt;Use your included data, calls and texts in over 100 countries for $5 extra a day. Countries may vary. Excludes speed capped data. T&amp;amp;C apply. &lt;a href=&quot;https://www-sit.test.cms.df.services.vodafone.com.au/plans/international-roaming&quot;&gt;Find out more.&lt;/a&gt;&lt;/p&gt;",
        "title": "$5 Roaming",
        "isNewConnect": true,
        "isUpgrade": true
      }
    ],
    "iconTilesBgColor": "",
    "iconTilesVariant": "biggie",
    "title": "Why Choose Vodafone",
    "description": ""
  },
  "catalogCode": "CATPOSTPAIDSIMOPLANS",
  "errors": [
    {
      "code": "PLAN_INVALID_PLAN_ITEM_ERROR",
      "message": "Invalid plan item AU12480 in response data from Vlocity \"plans getOffers()\": missing offer.recurringCharge. Skipping plan item",
      "category": "BUS"
    },
    {
      "message": "Invalid response data from AEM: https://www-sit.test.cms.df.services.vodafone.com.au/rest/experienceFragments?path=/content/experience-fragments/vha/experience_fragment/banner/students/student-banner/master1"
    },
    {
      "message": "Invalid response data from AEM: https://www-sit.test.cms.df.services.vodafone.com.au/rest/experienceFragments?path=/content/experience-fragments/vha/experience_fragment/banner/phones/iphone-12-"
    }
  ]
}
