{
  "cartSummary": {
    "appliedCta": "The promo code has been applied to your order.",
    "bundleCartLabel": "Bundled Plan",
    "repairWarranty": "&lt;p&gt;All devices come with a 24 month warranty for faulty devices.&lt;/p&gt;&lt;p&gt;&lt;a href=&quot;https://www-sit.test.cms.df.services.vodafone.com.au/support/device/service&quot; target=&quot;_blank&quot;&gt;Find out more&lt;/a&gt;&lt;/p&gt;",
    "includedLabel": "Included",
    "title": "Your cart",
    "checkoutCta": "Checkout",
    "remainingBalanceLabel": "Remaining phone balance",
    "emptyCartMessage": "Your cart is empty.",
    "continueCtaUrl": "https://www-sit.test.cms.df.services.vodafone.com.au/",
    "totalCostLabelAddService": "Total cost",
    "totalCostLabelUpgrades": "New monthly cost",
    "continueCta": "Continue shopping",
    "promoCodeTitle": "Promo code",
    "repairWarrantyTitle": "Repair warranty",
    "totalCostLabel": "Total cost",
    "promoCodeCta": "Apply",
    "remainingBalanceModal": "",
    "disclaimer": "&lt;p&gt;If you have 2 or more eligible plans, your Bundle &amp;amp; Save discount will be applied to your next bill.&lt;/p&gt;"
  },
  "persistentCart": {
    "collapseCta": "See less",
    "label": "Continue to cart",
    "expandCta": "See more"
  },
  "checkoutSplitterGroups": [
    {
      "id": "simo",
      "content": [
        {
          "secondaryCtaStyle": "primary",
          "secondaryCtaLabel": "",
          "primaryCtaStyle": "primary",
          "secondaryCtaRole": "new",
          "primaryCtaLabel": "Yes, I'm new",
          "title": "New to Vodafone?",
          "body": "",
          "primaryCtaRole": "new"
        },
        {
          "secondaryCtaStyle": "secondary",
          "secondaryCtaLabel": "Add another plan",
          "primaryCtaStyle": "secondary",
          "secondaryCtaRole": "additional-service",
          "primaryCtaLabel": "Change your plan",
          "title": "Already with Vodafone?",
          "body": "",
          "primaryCtaRole": "change-plan"
        }
      ]
    },
    {
      "id": "home-internet",
      "content": [
        {
          "secondaryCtaStyle": "primary",
          "secondaryCtaLabel": "",
          "primaryCtaStyle": "primary",
          "secondaryCtaRole": "new",
          "primaryCtaLabel": "Add it as a new plan",
          "title": "Chien's checkout splitter",
          "body": "&lt;p&gt;What would you like to do with the plan in your shopping cart?&lt;/p&gt;",
          "primaryCtaRole": "additional-service"
        },
        {
          "secondaryCtaStyle": "primary",
          "secondaryCtaLabel": "",
          "primaryCtaStyle": "secondary",
          "secondaryCtaRole": "new",
          "primaryCtaLabel": "Yes, I'm new",
          "title": "New to Vodafone?",
          "body": "",
          "primaryCtaRole": "new"
        }
      ]
    },
    {
      "id": "handset",
      "content": [
        {
          "secondaryCtaStyle": "primary",
          "secondaryCtaLabel": "",
          "primaryCtaStyle": "primary",
          "secondaryCtaRole": "new",
          "primaryCtaLabel": "Yes, I'm new",
          "title": "New to Vodafone?",
          "body": "",
          "primaryCtaRole": "new"
        },
        {
          "secondaryCtaStyle": "tertiary",
          "secondaryCtaLabel": "Add another device or plan",
          "primaryCtaStyle": "secondary",
          "secondaryCtaRole": "additional-service",
          "primaryCtaLabel": "Upgrade your device",
          "title": "Already with Vodafone?",
          "body": "",
          "primaryCtaRole": "Upgrade"
        }
      ]
    }
  ],
  "checkoutSplitterLogo": "https://www-sit.test.cms.df.services.vodafone.com.au/images/icons/VF-logo-desktop.svg",
  "seoData": [],
  "rafCartLabels": {
    "icon": "",
    "title": "Refer a Friend",
    "description": "Know someone whos already with Vodafone? Get a Refer a Friend code from them and youll both receive a credit on your third bill.",
    "placeholderText": "Enter Referral Code",
    "primaryCtaLabel": "Submit Code",
    "cartLabel": "Refer a Friend credit"
  },
  "metaTags": "&lt;meta name=&quot;title&quot; content=&quot;Cart | Vodafone Australia&quot; /&gt;&lt;title&gt;Cart | Vodafone Australia&lt;/title&gt;&lt;meta name=&quot;robots&quot; content=&quot;noindex,nofollow&quot; /&gt;",
  "seoTitle": "Cart | Vodafone Australia",
  "alerts": [
    {
      "alertType": "error",
      "alertId": "converged",
      "alertText": "&lt;p&gt;To get both a prepaid and a postpaid product, you&rsquo;ll need to order them separately in 2 online transactions. To continue to checkout, please remove either your prepaid or postpaid product.&lt;/p&gt;"
    },
    {
      "alertType": "error",
      "alertId": "limit-of-5",
      "alertText": "&lt;p&gt;You can only add a maximum of 5 items to your cart. Please remove some items so that you only have 5 left.&lt;/p&gt;"
    },
    {
      "alertType": "error",
      "alertId": "nbn-limit-of-1",
      "alertText": "&lt;p&gt;You can only check out with 1 nbn plan at a time. Please remove the additional nbn plans from your cart and then check out.&lt;/p&gt;"
    },
    {
      "alertType": "error",
      "alertId": "fhw-limit-of-1",
      "alertText": "&lt;p&gt;You can only check out with 1 home wireless plan at a time. Please remove the additional home wireless plans from your cart and then check out.&lt;/p&gt;"
    },
    {
      "alertType": "error",
      "alertId": "equipment-limit",
      "alertText": "&lt;p&gt;You&rsquo;ve exceeded the maximum value of items in your cart. Please remove some items from your cart.&lt;/p&gt;"
    },
    {
      "alertType": "error",
      "alertId": "1-upgrade",
      "alertText": "&lt;p&gt;You&rsquo;ve added several upgrade items to your cart for the same service. Please keep only one item in your cart and continue to checkout.&lt;/p&gt;"
    },
    {
      "alertType": "neutral",
      "alertId": "eSIM",
      "alertText": "&lt;p&gt;Is your device eSIM enabled?&lt;/p&gt;&lt;p&gt;To use an eSIM your device needs to be eSIM enabled.&lt;/p&gt;&lt;p&gt;Here's a list of &lt;vha-modal-trigger type=&quot;plain&quot; id=&quot;esimdevices&quot; style=&quot;color: black;&quot;&gt;popular eSIM enabled devices&lt;/vha-modal-trigger&gt; with Vodafone.&lt;/p&gt;"
    },
    {
      "alertType": "neutral",
      "alertId": "data-sharing",
      "alertText": "&lt;p&gt;&lt;b&gt;The sharing of your data will change.&lt;/b&gt;&lt;/p&gt;&lt;p&gt;As Plus Plans can only share data with Plus Plans, you'll no longer be able to share data with other plans.&nbsp;&lt;/p&gt;"
    },
    {
      "alertType": "error",
      "alertId": "cannot-display-current-plan",
      "alertText": "&lt;p&gt;Unfortunately, we can't retrieve your current plan information at the moment so you are unable to checkout. Please refresh this page or try again later.&lt;/p&gt;"
    },
    {
      "alertType": "error",
      "alertId": "prepaid-limit-2",
      "alertText": "&lt;p&gt;You can only add a maximum of 2 prepaid items to your cart. Please remove some items so that you only have 2 left.&lt;/p&gt;"
    },
    {
      "alertType": "error",
      "alertId": "postpaid-limit-5",
      "alertText": "&lt;p&gt;You can only add a maximum of 5 postpaid items to your cart. Please remove some items so that you only have 5 left.&lt;/p&gt;"
    },
    {
      "alertType": "neutral",
      "alertId": "home-internet-asd-eligibility",
      "alertText": "&lt;p&gt;&lt;b&gt;There are some changes to your cart&lt;/b&gt;&lt;/p&gt;&lt;p&gt;Because you don't have a phone plan with us you're not eligible for our home internet discount.&lt;/p&gt;&lt;p&gt;You can still get this discount if you sign up a mobile. &lt;a title=&quot;View our phone plans&quot; href=&quot;https://www-sit.test.cms.df.services.vodafone.com.au/plans&quot;&gt;View our phone plans.&lt;/a&gt;&lt;/p&gt;&lt;p&gt;Please review your cart before continuing to checkout.&lt;/p&gt;"
    }
  ]
}
