{
  "basketId": "6msB3fUWwkSZtBqWhPS7hnlmq02zH8qTHV6OJ_ozPVI.2cFUtsyu47ZTO-l4quiQvW59l9jiNXx23TNAvd76a3AmFz25282qV2wqHDNHv8d1",
  "basketServiceType": "",
  "packages": [
    {
      "items": [
        {
          "productCode": "AU12312",
          "catalogCode": "CATNBNPLANS",
          "productName": "Essential nbn™ plan",
          "productType": "Plan - Fixed",
          "productSubType": "NBN Modem M2M",
          "itemType": "PLAN",
          "productConfig": {
            "contractTerm": "1",
            "dataLimit": "Unlimited"
          },
          "priceInfo": {
            "recurringCharge": 75,
            "oneTimeCharge": 0,
            "nrcPriceAdjustment": 0,
            "nrcPercentDiscount": 0,
            "adjustedNRCAmount": 0,
            "adjustedMRCAmount": 75
          },
          "cisUrl": "https://www.vodafone.com.au/cis/nbn-plans/month-to-month-plans/au12312-au12314-au12295-au12296-mar2021.pdf",
          "factSheetUrl": "https://www.vodafone.com.au/documents/others/kfs-mar2021.pdf",
          "promotions": [
            {
              "title": "Save $15/mth on plan fees",
              "description": "&lt;p&gt;Save $15 per month on this nbn&trade; plan if you have a mobile phone plan with us. Discount won&rsquo;t appear in cart or checkout but will be on your bill. T&amp;amp;C apply.&lt;/p&gt;",
              "promotionCode": "$15_NBN_ASD_DISPLAY_01",
              "iconUrl": "https://www-sit.test.cms.df.services.vodafone.com.au/images/icons/all-rewards.svg",
              "promotionExpired": false
            }
          ],
          "relatedContent": {
            "planTenure": "Month to month",
            "planTitle": "Unlimited data",
            "planData": "Unlimited",
            "subHeadingPrimary": "Typical Evening Speed 23Mbps (7pm-11pm)",
            "subHeadingSecondary": "$60/mth if you have a phone plan with us",
            "cisLabel": "Critical Information Summary",
            "planExtraInfo": "Standard Evening Speed",
            "image": {
              "imageUrl": "https://www-sit.test.cms.df.services.vodafone.com.au/images/devices/vodafone/img-800x586-vodafone-wifi-hub-2-0-black-front.jpg",
              "altText": "Essential nbn™ plan with modem"
            },
            "heroOfferId": "",
            "inclusions": [
              {
                "description": "Good for browsing online, streaming movies and using social media.",
                "planId": "AU12312",
                "title": "Great for 1-2 users",
                "iconUrl": "https://www-sit.test.cms.df.services.vodafone.com.au/images/icons/my-vodafone-mid.svg"
              },
              {
                "description": "With unlimited data you can stream, download and share what you love.",
                "planId": "",
                "title": "Unlimited data",
                "iconUrl": "https://www-sit.test.cms.df.services.vodafone.com.au/images/icons/tick-or-solved-green.svg"
              },
              {
                "description": "As this is a month to month plan, you can change your plan to suit your needs at any time without paying a fee.",
                "planId": "",
                "title": "Month to month plan",
                "iconUrl": "https://www-sit.test.cms.df.services.vodafone.com.au/images/icons/tick-or-solved-green.svg"
              },
              {
                "description": "&lt;p&gt;Take 30 days to decide if you love us with our &lt;vha-modal-trigger type=&quot;plain&quot; id=&quot;nbnnetworksatisfaction&quot;&gt;Network Satisfaction Guarantee&lt;/vha-modal-trigger&gt;. If you&rsquo;re not satisfied, we&rsquo;ll refund your plan fee. T&amp;amp;C apply.&lt;/p&gt;",
                "planId": "",
                "title": "Network Guarantee",
                "iconUrl": "https://www-sit.test.cms.df.services.vodafone.com.au/images/icons/tick-or-solved-green.svg"
              }
            ],
            "planName": "Essential nbn™ plan",
            "planDescription": "&lt;p&gt;Save $15 per month on this nbn&trade; plan if you have a mobile phone plan with us.&lt;/p&gt;",
            "hasDataOverride": false
          },
          "productConfigChanged": false,
          "productExpired": false,
          "isBundleAndSaveEligible": false,
          "packageId": "39055531"
        },
        {
          "productCode": "BVODWIFIHUB2",
          "catalogCode": "CATNBNMODEMS",
          "productName": "Vodafone Wi-Fi Hub™ 2.0",
          "productType": "Device",
          "productSubType": "NBN Modem",
          "itemType": "MODEM",
          "productConfig": {
            "contractTerm": "36"
          },
          "priceInfo": {
            "recurringCharge": 5,
            "oneTimeCharge": 0,
            "nrcPriceAdjustment": 0,
            "nrcPercentDiscount": 0,
            "adjustedNRCAmount": 0,
            "adjustedMRCAmount": 5,
            "loyaltyMRCAmount": 0
          },
          "promotions": [],
          "relatedContent": {
            "image": {}
          },
          "productConfigChanged": false,
          "productExpired": false,
          "isBundleAndSaveEligible": false,
          "packageId": "39055531"
        }
      ],
      "packageId": "39055531"
    },
    {
      "items": [
        {
          "productCode": "AU12312",
          "catalogCode": "CATNBNPLANS",
          "productName": "Essential nbn™ plan",
          "productType": "Plan - Fixed",
          "productSubType": "NBN Modem M2M",
          "itemType": "PLAN",
          "productConfig": {
            "contractTerm": "1",
            "dataLimit": "Unlimited"
          },
          "priceInfo": {
            "recurringCharge": 75,
            "oneTimeCharge": 0,
            "nrcPriceAdjustment": 0,
            "nrcPercentDiscount": 0,
            "adjustedNRCAmount": 0,
            "adjustedMRCAmount": 75
          },
          "cisUrl": "https://www.vodafone.com.au/cis/nbn-plans/month-to-month-plans/au12312-au12314-au12295-au12296-mar2021.pdf",
          "factSheetUrl": "https://www.vodafone.com.au/documents/others/kfs-mar2021.pdf",
          "promotions": [
            {
              "title": "Save $15/mth on plan fees",
              "description": "&lt;p&gt;Save $15 per month on this nbn&trade; plan if you have a mobile phone plan with us. Discount won&rsquo;t appear in cart or checkout but will be on your bill. T&amp;amp;C apply.&lt;/p&gt;",
              "promotionCode": "$15_NBN_ASD_DISPLAY_01",
              "iconUrl": "https://www-sit.test.cms.df.services.vodafone.com.au/images/icons/all-rewards.svg",
              "promotionExpired": false
            }
          ],
          "relatedContent": {
            "planTenure": "Month to month",
            "planTitle": "Unlimited data",
            "planData": "Unlimited",
            "subHeadingPrimary": "Typical Evening Speed 23Mbps (7pm-11pm)",
            "subHeadingSecondary": "$60/mth if you have a phone plan with us",
            "cisLabel": "Critical Information Summary",
            "planExtraInfo": "Standard Evening Speed",
            "image": {
              "imageUrl": "https://www-sit.test.cms.df.services.vodafone.com.au/images/devices/vodafone/img-800x586-vodafone-wifi-hub-2-0-black-front.jpg",
              "altText": "Essential nbn™ plan with modem"
            },
            "heroOfferId": "",
            "inclusions": [
              {
                "description": "Good for browsing online, streaming movies and using social media.",
                "planId": "AU12312",
                "title": "Great for 1-2 users",
                "iconUrl": "https://www-sit.test.cms.df.services.vodafone.com.au/images/icons/my-vodafone-mid.svg"
              },
              {
                "description": "With unlimited data you can stream, download and share what you love.",
                "planId": "",
                "title": "Unlimited data",
                "iconUrl": "https://www-sit.test.cms.df.services.vodafone.com.au/images/icons/tick-or-solved-green.svg"
              },
              {
                "description": "As this is a month to month plan, you can change your plan to suit your needs at any time without paying a fee.",
                "planId": "",
                "title": "Month to month plan",
                "iconUrl": "https://www-sit.test.cms.df.services.vodafone.com.au/images/icons/tick-or-solved-green.svg"
              },
              {
                "description": "&lt;p&gt;Take 30 days to decide if you love us with our &lt;vha-modal-trigger type=&quot;plain&quot; id=&quot;nbnnetworksatisfaction&quot;&gt;Network Satisfaction Guarantee&lt;/vha-modal-trigger&gt;. If you&rsquo;re not satisfied, we&rsquo;ll refund your plan fee. T&amp;amp;C apply.&lt;/p&gt;",
                "planId": "",
                "title": "Network Guarantee",
                "iconUrl": "https://www-sit.test.cms.df.services.vodafone.com.au/images/icons/tick-or-solved-green.svg"
              }
            ],
            "planName": "Essential nbn™ plan",
            "planDescription": "&lt;p&gt;Save $15 per month on this nbn&trade; plan if you have a mobile phone plan with us.&lt;/p&gt;",
            "hasDataOverride": false
          },
          "productConfigChanged": false,
          "productExpired": false,
          "isBundleAndSaveEligible": false,
          "packageId": "39126896"
        },
        {
          "productCode": "BVODWIFIHUB2",
          "catalogCode": "CATNBNMODEMS",
          "productName": "Vodafone Wi-Fi Hub™ 2.0",
          "productType": "Device",
          "productSubType": "NBN Modem",
          "itemType": "MODEM",
          "productConfig": {
            "contractTerm": "36"
          },
          "priceInfo": {
            "recurringCharge": 5,
            "oneTimeCharge": 0,
            "nrcPriceAdjustment": 0,
            "nrcPercentDiscount": 0,
            "adjustedNRCAmount": 0,
            "adjustedMRCAmount": 5,
            "loyaltyMRCAmount": 0
          },
          "promotions": [],
          "relatedContent": {
            "image": {}
          },
          "productConfigChanged": false,
          "productExpired": false,
          "isBundleAndSaveEligible": false,
          "packageId": "39126896"
        }
      ],
      "packageId": "39126896"
    }
  ],
  "totalPrice": {
    "recurringCharge": 150,
    "oneTimeCharge": 0
  },
  "bundleAndSaveApplied": false
}
