{
  "basketId": "py9JcAgArS5Uc7g1pIe1mbsPSnAl1n8STQGP9T430Rs.6xnIzrCo5qDRa754Q516Zstr1J_-4alX8Ul4LznOg1_lG5xnCxQ8JE_aOHHh1_4Z",
  "basketServiceType": "",
  "packages": [
    {
      "items": [
        {
          "productCode": "AU12310",
          "catalogCode": "CATFHWPLANS",
          "productName": "$55 4G Home Wireless Plan",
          "productType": "Plan - Fixed",
          "productSubType": "FWA Modem M2M",
          "itemType": "PLAN",
          "productConfig": {
            "contractTerm": "1",
            "dataLimit": "Unlimited"
          },
          "priceInfo": {
            "recurringCharge": 55,
            "oneTimeCharge": 0,
            "nrcPriceAdjustment": 0,
            "nrcPercentDiscount": 0,
            "adjustedNRCAmount": 0,
            "adjustedMRCAmount": 55
          },
          "cisUrl": "https://www.vodafone.com.au/cis/mobile-broadband-plans/vodafone-home-wireless-month-to-month-plans/au12310-au12311-april2021.pdf",
          "promotions": [],
          "relatedContent": {
            "planTenure": "Month to month",
            "planTitle": "No excess data charges",
            "planData": "200GB",
            "subHeadingPrimary": "Included Data",
            "subHeadingSecondary": "$50/mth when you already have a phone plan with us.",
            "cisLabel": "Critical Information Summary",
            "planExtraInfo": "Total min cost $235",
            "image": {
              "imageUrl": "https://www-sit.test.cms.df.services.vodafone.com.au/images/devices/vodafone/img-800x586-vodafone-wifi-hub-2-0-black-front.jpg",
              "altText": "Vodafone Wi-Fi Hub™ 2.0"
            },
            "heroOfferId": "",
            "inclusions": [
              {
                "description": "&lt;p&gt;Get 200GB Included Data, then keep using data in Oz at &lt;vha-modal-trigger type=&quot;plain&quot; id=&quot;included-data-fhw&quot; style=&quot;color: black;&quot;&gt;speeds of up to 1.5Mbps&lt;/vha-modal-trigger&gt;.&lt;/p&gt;",
                "planId": "",
                "title": "No excess data charges",
                "iconUrl": "https://www-sit.test.cms.df.services.vodafone.com.au/images/icons/tick-or-solved-green.svg"
              },
              {
                "description": "&lt;p&gt;This plan can only be used with a Vodafone Wi-Fi Hub&trade; 2.0 modem (RRP $180) for $0/mth when you stay connected over 36 months.&lt;/p&gt;",
                "planId": "",
                "title": "Vodafone Wi-Fi Hub™ 2.0",
                "iconUrl": "https://www-sit.test.cms.df.services.vodafone.com.au/images/icons/tick-or-solved-green.svg"
              },
              {
                "description": "&lt;p&gt;Take 30 days to decide if you love our network with our &lt;vha-modal-trigger type=&quot;plain&quot; id=&quot;networksatisfaction&quot;&gt;Network Satisfaction Guarantee&lt;/vha-modal-trigger&gt;. &lt;a href=&quot;https://www-sit.test.cms.df.services.vodafone.com.au/network/coverage-checker&quot;&gt;Check the coverage&lt;/a&gt; in your area.&lt;/p&gt;",
                "planId": "",
                "title": "Network Guarantee",
                "iconUrl": "https://www-sit.test.cms.df.services.vodafone.com.au/images/icons/tick-or-solved-green.svg"
              }
            ],
            "planName": "$55 4G Home Wireless Broadband Plan",
            "planDescription": "&lt;p&gt;Get 200GB Included Data, then keep using data in Oz at speeds of up to 1.5Mbps&lt;/p&gt;",
            "hasDataOverride": false
          },
          "productConfigChanged": false,
          "productExpired": false,
          "isBundleAndSaveEligible": false,
          "packageId": "41277670"
        },
        {
          "productCode": "BVODHWB",
          "catalogCode": "CATNBNMODEMS",
          "productName": "Vodafone Wi-Fi Hub™ 2.0",
          "productType": "Device",
          "productSubType": "NBN Modem",
          "itemType": "MODEM",
          "productConfig": {
            "contractTerm": "36"
          },
          "priceInfo": {
            "recurringCharge": 5,
            "oneTimeCharge": 0,
            "nrcPriceAdjustment": 0,
            "nrcPercentDiscount": 0,
            "adjustedNRCAmount": 0,
            "adjustedMRCAmount": 5,
            "loyaltyMRCAmount": 0
          },
          "promotions": [],
          "relatedContent": {
            "image": {}
          },
          "productConfigChanged": false,
          "productExpired": false,
          "isBundleAndSaveEligible": false,
          "packageId": "41277670"
        }
      ],
      "packageId": "41277670"
    },
    {
      "items": [
        {
          "productCode": "AU12310",
          "catalogCode": "CATFHWPLANS",
          "productName": "$55 4G Home Wireless Plan",
          "productType": "Plan - Fixed",
          "productSubType": "FWA Modem M2M",
          "itemType": "PLAN",
          "productConfig": {
            "contractTerm": "1",
            "dataLimit": "Unlimited"
          },
          "priceInfo": {
            "recurringCharge": 55,
            "oneTimeCharge": 0,
            "nrcPriceAdjustment": 0,
            "nrcPercentDiscount": 0,
            "adjustedNRCAmount": 0,
            "adjustedMRCAmount": 55
          },
          "cisUrl": "https://www.vodafone.com.au/cis/mobile-broadband-plans/vodafone-home-wireless-month-to-month-plans/au12310-au12311-april2021.pdf",
          "promotions": [],
          "relatedContent": {
            "planTenure": "Month to month",
            "planTitle": "No excess data charges",
            "planData": "200GB",
            "subHeadingPrimary": "Included Data",
            "subHeadingSecondary": "$50/mth when you already have a phone plan with us.",
            "cisLabel": "Critical Information Summary",
            "planExtraInfo": "Total min cost $235",
            "image": {
              "imageUrl": "https://www-sit.test.cms.df.services.vodafone.com.au/images/devices/vodafone/img-800x586-vodafone-wifi-hub-2-0-black-front.jpg",
              "altText": "Vodafone Wi-Fi Hub™ 2.0"
            },
            "heroOfferId": "",
            "inclusions": [
              {
                "description": "&lt;p&gt;Get 200GB Included Data, then keep using data in Oz at &lt;vha-modal-trigger type=&quot;plain&quot; id=&quot;included-data-fhw&quot; style=&quot;color: black;&quot;&gt;speeds of up to 1.5Mbps&lt;/vha-modal-trigger&gt;.&lt;/p&gt;",
                "planId": "",
                "title": "No excess data charges",
                "iconUrl": "https://www-sit.test.cms.df.services.vodafone.com.au/images/icons/tick-or-solved-green.svg"
              },
              {
                "description": "&lt;p&gt;This plan can only be used with a Vodafone Wi-Fi Hub&trade; 2.0 modem (RRP $180) for $0/mth when you stay connected over 36 months.&lt;/p&gt;",
                "planId": "",
                "title": "Vodafone Wi-Fi Hub™ 2.0",
                "iconUrl": "https://www-sit.test.cms.df.services.vodafone.com.au/images/icons/tick-or-solved-green.svg"
              },
              {
                "description": "&lt;p&gt;Take 30 days to decide if you love our network with our &lt;vha-modal-trigger type=&quot;plain&quot; id=&quot;networksatisfaction&quot;&gt;Network Satisfaction Guarantee&lt;/vha-modal-trigger&gt;. &lt;a href=&quot;https://www-sit.test.cms.df.services.vodafone.com.au/network/coverage-checker&quot;&gt;Check the coverage&lt;/a&gt; in your area.&lt;/p&gt;",
                "planId": "",
                "title": "Network Guarantee",
                "iconUrl": "https://www-sit.test.cms.df.services.vodafone.com.au/images/icons/tick-or-solved-green.svg"
              }
            ],
            "planName": "$55 4G Home Wireless Broadband Plan",
            "planDescription": "&lt;p&gt;Get 200GB Included Data, then keep using data in Oz at speeds of up to 1.5Mbps&lt;/p&gt;",
            "hasDataOverride": false
          },
          "productConfigChanged": false,
          "productExpired": false,
          "isBundleAndSaveEligible": false,
          "packageId": "41341584"
        },
        {
          "productCode": "BVODHWB",
          "catalogCode": "CATNBNMODEMS",
          "productName": "Vodafone Wi-Fi Hub™ 2.0",
          "productType": "Device",
          "productSubType": "NBN Modem",
          "itemType": "MODEM",
          "productConfig": {
            "contractTerm": "36"
          },
          "priceInfo": {
            "recurringCharge": 5,
            "oneTimeCharge": 0,
            "nrcPriceAdjustment": 0,
            "nrcPercentDiscount": 0,
            "adjustedNRCAmount": 0,
            "adjustedMRCAmount": 5,
            "loyaltyMRCAmount": 0
          },
          "promotions": [],
          "relatedContent": {
            "image": {}
          },
          "productConfigChanged": false,
          "productExpired": false,
          "isBundleAndSaveEligible": false,
          "packageId": "41341584"
        }
      ],
      "packageId": "41341584"
    }
  ],
  "totalPrice": {
    "recurringCharge": 110,
    "oneTimeCharge": 0
  },
  "bundleAndSaveApplied": false
}
