{
  "basketId": "py9JcAgArS5Uc7g1pIe1mbsPSnAl1n8STQGP9T430Rs.6xnIzrCo5qDRa754Q516Zstr1J_-4alX8Ul4LznOg1_lG5xnCxQ8JE_aOHHh1_4Z",
  "basketServiceType": "",
  "packages": {
    "41277670": {
      "1": {
        "productCode": "AU12310",
        "catalogCode": "CATFHWPLANS",
        "productName": "$55 4G Home Wireless Plan",
        "productType": "Plan - Fixed",
        "productSubType": "FWA Modem M2M",
        "itemType": "PLAN",
        "productConfig": {
          "contractTerm": "1",
          "dataLimit": "Unlimited"
        },
        "priceInfo": {
          "recurringCharge": 55,
          "oneTimeCharge": 0,
          "nrcPriceAdjustment": 0,
          "nrcPercentDiscount": 0,
          "adjustedNRCAmount": 0,
          "adjustedMRCAmount": 55
        },
        "cisUrl": "https://www.vodafone.com.au/cis/mobile-broadband-plans/vodafone-home-wireless-month-to-month-plans/au12310-au12311-april2021.pdf",
        "promotions": [],
        "relatedContent": {
          "planTenure": "Month to month",
          "planTitle": "No excess data charges",
          "planData": "200GB",
          "subHeadingPrimary": "Included Data",
          "subHeadingSecondary": "$50/mth when you already have a phone plan with us.",
          "cisLabel": "Critical Information Summary",
          "planExtraInfo": "Total min cost $235",
          "image": {
            "imageUrl": "https://www-sit.test.cms.df.services.vodafone.com.au/images/devices/vodafone/img-800x586-vodafone-wifi-hub-2-0-black-front.jpg",
            "altText": "Vodafone Wi-Fi Hub™ 2.0"
          },
          "heroOfferId": "",
          "inclusions": [
            {
              "description": "&lt;p&gt;Get 200GB Included Data, then keep using data in Oz at &lt;vha-modal-trigger type=&quot;plain&quot; id=&quot;included-data-fhw&quot; style=&quot;color: black;&quot;&gt;speeds of up to 1.5Mbps&lt;/vha-modal-trigger&gt;.&lt;/p&gt;",
              "planId": "",
              "title": "No excess data charges",
              "iconUrl": "https://www-sit.test.cms.df.services.vodafone.com.au/images/icons/tick-or-solved-green.svg"
            },
            {
              "description": "&lt;p&gt;This plan can only be used with a Vodafone Wi-Fi Hub&trade; 2.0 modem (RRP $180) for $0/mth when you stay connected over 36 months.&lt;/p&gt;",
              "planId": "",
              "title": "Vodafone Wi-Fi Hub™ 2.0",
              "iconUrl": "https://www-sit.test.cms.df.services.vodafone.com.au/images/icons/tick-or-solved-green.svg"
            },
            {
              "description": "&lt;p&gt;Take 30 days to decide if you love our network with our &lt;vha-modal-trigger type=&quot;plain&quot; id=&quot;networksatisfaction&quot;&gt;Network Satisfaction Guarantee&lt;/vha-modal-trigger&gt;. &lt;a href=&quot;https://www-sit.test.cms.df.services.vodafone.com.au/network/coverage-checker&quot;&gt;Check the coverage&lt;/a&gt; in your area.&lt;/p&gt;",
              "planId": "",
              "title": "Network Guarantee",
              "iconUrl": "https://www-sit.test.cms.df.services.vodafone.com.au/images/icons/tick-or-solved-green.svg"
            }
          ],
          "planName": "$55 4G Home Wireless Broadband Plan",
          "planDescription": "&lt;p&gt;Get 200GB Included Data, then keep using data in Oz at speeds of up to 1.5Mbps&lt;/p&gt;",
          "hasDataOverride": false
        },
        "productConfigChanged": false,
        "productExpired": false,
        "isBundleAndSaveEligible": false
      },
      "2": {
        "productCode": "BVODHWB",
        "catalogCode": "CATNBNMODEMS",
        "productName": "Vodafone Wi-Fi Hub™ 2.0",
        "productType": "Device",
        "productSubType": "NBN Modem",
        "itemType": "MODEM",
        "productConfig": {
          "contractTerm": "36"
        },
        "priceInfo": {
          "recurringCharge": 5,
          "oneTimeCharge": 0,
          "nrcPriceAdjustment": 0,
          "nrcPercentDiscount": 0,
          "adjustedNRCAmount": 0,
          "adjustedMRCAmount": 5,
          "loyaltyMRCAmount": 0
        },
        "promotions": [],
        "relatedContent": {
          "image": {}
        },
        "productConfigChanged": false,
        "productExpired": false,
        "isBundleAndSaveEligible": false
      }
    },
    "58509136": {
      "1": {
        "productCode": "AU12312",
        "catalogCode": "CATNBNPLANS",
        "productName": "Essential nbn™ plan",
        "productType": "Plan - Fixed",
        "productSubType": "NBN Modem M2M",
        "itemType": "PLAN",
        "productConfig": {
          "contractTerm": "1",
          "dataLimit": "Unlimited"
        },
        "priceInfo": {
          "recurringCharge": 75,
          "oneTimeCharge": 0,
          "nrcPriceAdjustment": 0,
          "nrcPercentDiscount": 0,
          "adjustedNRCAmount": 0,
          "adjustedMRCAmount": 75
        },
        "cisUrl": "https://www.vodafone.com.au/cis/nbn-plans/month-to-month-plans/au12312-au12314-au12295-au12296-mar2021.pdf",
        "factSheetUrl": "https://www.vodafone.com.au/documents/others/kfs-mar2021.pdf",
        "promotions": [
          {
            "title": "Save $15/mth on plan fees",
            "description": "&lt;p&gt;Save $15 per month on this nbn&trade; plan if you have a mobile phone plan with us. Discount won&rsquo;t appear in cart or checkout but will be on your bill. T&amp;amp;C apply.&lt;/p&gt;",
            "promotionCode": "$15_NBN_ASD_DISPLAY_01",
            "iconUrl": "https://www-sit.test.cms.df.services.vodafone.com.au/images/icons/all-rewards.svg",
            "promotionExpired": false
          }
        ],
        "relatedContent": {
          "planTenure": "Month to month",
          "planTitle": "Unlimited data",
          "planData": "Unlimited",
          "subHeadingPrimary": "Typical Evening Speed 23Mbps (7pm-11pm)",
          "subHeadingSecondary": "$60/mth if you have a phone plan with us",
          "cisLabel": "Critical Information Summary",
          "planExtraInfo": "Standard Evening Speed",
          "image": {
            "imageUrl": "https://www-sit.test.cms.df.services.vodafone.com.au/images/devices/vodafone/img-800x586-vodafone-wifi-hub-2-0-black-front.jpg",
            "altText": "Essential nbn™ plan with modem"
          },
          "heroOfferId": "",
          "inclusions": [
            {
              "description": "Good for browsing online, streaming movies and using social media.",
              "planId": "AU12312",
              "title": "Great for 1-2 users",
              "iconUrl": "https://www-sit.test.cms.df.services.vodafone.com.au/images/icons/my-vodafone-mid.svg"
            },
            {
              "description": "With unlimited data you can stream, download and share what you love.",
              "planId": "",
              "title": "Unlimited data",
              "iconUrl": "https://www-sit.test.cms.df.services.vodafone.com.au/images/icons/tick-or-solved-green.svg"
            },
            {
              "description": "As this is a month to month plan, you can change your plan to suit your needs at any time without paying a fee.",
              "planId": "",
              "title": "Month to month plan",
              "iconUrl": "https://www-sit.test.cms.df.services.vodafone.com.au/images/icons/tick-or-solved-green.svg"
            },
            {
              "description": "&lt;p&gt;Take 30 days to decide if you love us with our &lt;vha-modal-trigger type=&quot;plain&quot; id=&quot;nbnnetworksatisfaction&quot;&gt;Network Satisfaction Guarantee&lt;/vha-modal-trigger&gt;. If you&rsquo;re not satisfied, we&rsquo;ll refund your plan fee. T&amp;amp;C apply.&lt;/p&gt;",
              "planId": "",
              "title": "Network Guarantee",
              "iconUrl": "https://www-sit.test.cms.df.services.vodafone.com.au/images/icons/tick-or-solved-green.svg"
            }
          ],
          "planName": "Essential nbn™ plan",
          "planDescription": "&lt;p&gt;Save $15 per month on this nbn&trade; plan if you have a mobile phone plan with us.&lt;/p&gt;",
          "hasDataOverride": false
        },
        "productConfigChanged": false,
        "productExpired": false,
        "isBundleAndSaveEligible": false
      },
      "2": {
        "productCode": "BVODWIFIHUB2",
        "catalogCode": "CATNBNMODEMS",
        "productName": "Vodafone Wi-Fi Hub™ 2.0",
        "productType": "Device",
        "productSubType": "NBN Modem",
        "itemType": "MODEM",
        "productConfig": {
          "contractTerm": "36"
        },
        "priceInfo": {
          "recurringCharge": 5,
          "oneTimeCharge": 0,
          "nrcPriceAdjustment": 0,
          "nrcPercentDiscount": 0,
          "adjustedNRCAmount": 0,
          "adjustedMRCAmount": 5,
          "loyaltyMRCAmount": 0
        },
        "promotions": [],
        "relatedContent": {
          "image": {}
        },
        "productConfigChanged": false,
        "productExpired": false,
        "isBundleAndSaveEligible": false
      }
    }
  },
  "totalPrice": {
    "recurringCharge": 130,
    "oneTimeCharge": 0
  },
  "bundleAndSaveApplied": false
}
